id,first_name,last_name,email,gender,date_of_birth,contry_of_birth
1,Valentijn,Shoosmith,vshoosmith0@4shared.com,Male,2015-05-09,Poland
2,Petronilla,Greenleaf,pgreenleaf1@globo.com,Female,1950-07-31,Indonesia
3,Nye,Sugg,nsugg2@sun.com,Male,1985-01-04,Ireland
4,Rosco,O'Neill,roneill3@opensource.org,Male,1976-05-28,Peru
5,Venus,Lowmass,vlowmass4@amazon.co.jp,Female,1939-08-11,Philippines
6,Patten,Woolam,pwoolam5@creativecommons.org,Male,1982-07-08,Armenia
7,Dalli,Whorlton,,Male,2005-03-03,Portugal
8,Ingemar,Kedslie,,Male,1939-03-26,France
9,Hermie,Cordrey,,Male,1963-10-25,Nigeria
10,Auberta,Drohan,,Female,1981-01-11,Japan
11,Franky,Loughlan,,Male,1926-10-31,Thailand
12,Mason,Guerrier,,Male,1929-05-29,Indonesia
13,Christiano,Waliszewski,,Male,1964-02-17,China
14,Anatole,Perillo,aperillod@chicagotribune.com,Male,1913-12-17,Albania
15,Aguistin,Wehnerr,awehnerre@blog.com,Male,1995-03-25,Mongolia
16,Shadow,cornhill,,Male,1935-12-30,Indonesia
17,Ravid,Edmett,redmettg@harvard.edu,Male,1976-10-26,Mexico
18,Dewain,Diess,ddiessh@soundcloud.com,Male,1959-04-23,Azerbaijan
19,Silvie,Hews,shewsi@imageshack.us,Female,1982-12-11,Yemen
20,Leonore,Siely,lsielyj@topsy.com,Female,1930-08-18,Russia
21,Catarina,Siviour,csiviourk@arstechnica.com,Female,1939-11-01,Russia
22,Judah,Worviell,,Male,1995-04-14,Philippines
23,Curcio,Peet,cpeetm@t.co,Male,1965-10-30,Mongolia
24,Richmound,Scarisbrick,rscarisbrickn@bandcamp.com,Male,1930-12-16,Democratic Republic of the Congo
25,Demetrius,Daelman,ddaelmano@europa.eu,Male,2010-05-04,Indonesia
26,Chadwick,Stoyles,,Male,1945-12-13,Philippines
27,Creigh,Baxill,,Male,1977-08-02,Czech Republic
28,Chrisy,Passie,cpassier@liveinternet.ru,Male,1979-01-15,Indonesia
29,Fraze,Allardyce,,Male,1930-07-17,China
30,Darda,Tranfield,dtranfieldt@topsy.com,Polygender,1992-07-02,Portugal
31,Ruprecht,Tunkin,rtunkinu@themeforest.net,Male,1943-07-19,China
32,Lammond,Faircliff,lfaircliffv@nytimes.com,Male,1944-12-14,Canada
33,Jorgan,Denziloe,jdenziloew@joomla.org,Male,1982-12-16,Russia
34,Annaliese,Maymand,amaymandx@netscape.com,Female,1941-04-26,Russia
35,Shamus,Isgate,sisgatey@google.cn,Agender,1948-01-01,Argentina
36,Nilson,Kiltie,nkiltiez@google.ru,Male,1952-01-10,China
37,Linus,Cowgill,lcowgill10@ocn.ne.jp,Male,1915-09-28,Spain
38,Vikky,McClelland,,Female,2020-11-06,Brazil
39,Kane,De Avenell,kdeavenell12@webmd.com,Male,1924-10-07,Argentina
40,Rubi,Brunger,,Bigender,2005-04-12,Indonesia
41,Dallas,Fold,dfold14@miibeian.gov.cn,Male,2010-07-13,China
42,Tammie,Berrow,tberrow15@cbsnews.com,Male,2015-12-19,Russia
43,Abey,Cranmor,acranmor16@berkeley.edu,Male,1937-05-11,Russia
44,Gerianna,Weight,,Female,2003-07-29,China
45,Des,Kordes,dkordes18@youku.com,Male,1960-11-26,China
46,Lazar,Huson,lhuson19@cyberchimps.com,Male,1984-11-15,Croatia
47,Caye,Peppard,cpeppard1a@pcworld.com,Female,2021-04-21,Russia
48,Constantine,Norridge,cnorridge1b@unicef.org,Non-binary,1942-11-26,Italy
49,Hamilton,Corking,,Male,1955-03-30,China
50,Garland,Franz,,Bigender,1926-07-11,Luxembourg
51,Deborah,Beed,,Female,2009-05-13,China
52,Beatriz,Izkoveski,bizkoveski1f@ox.ac.uk,Female,1916-07-12,Poland
53,Doris,Cheeney,dcheeney1g@ning.com,Female,1959-03-28,Dominican Republic
54,Humfrid,Possek,hpossek1h@arizona.edu,Male,2007-08-14,Indonesia
55,Andrey,Croneen,,Male,1919-10-11,China
56,Jane,Bonnar,jbonnar1j@sourceforge.net,Female,2014-08-16,China
57,Malachi,Sign,msign1k@statcounter.com,Male,1927-12-06,Japan
58,Maxie,Pierton,mpierton1l@yandex.ru,Female,1933-06-23,Philippines
59,Itch,Penk,,Male,1967-02-01,Russia
60,Em,Mansour,emansour1n@yellowbook.com,Male,2007-12-21,New Caledonia
61,Gawen,Bayles,gbayles1o@aboutads.info,Male,1966-10-15,China
62,Marcel,Simonsson,,Male,1948-03-31,Peru
63,Herc,Eccleston,,Male,1977-02-26,Argentina
64,Maxine,Kleeman,,Female,1935-01-07,Mauritius
65,Rana,Loughman,rloughman1s@com.com,Female,1945-08-14,Ireland
66,Corbin,Kellaway,ckellaway1t@google.co.jp,Male,2016-06-07,China
67,Daffi,Masterton,dmasterton1u@privacy.gov.au,Female,2003-10-06,Poland
68,Clarita,Van den Oord,cvandenoord1v@feedburner.com,Female,1984-03-17,Poland
69,Bentley,Gosby,,Male,1964-04-09,China
70,Leroi,Smorthit,,Male,2006-01-31,China
71,Penn,Dowrey,pdowrey1y@w3.org,Male,1946-05-20,China
72,Leontine,Borel,lborel1z@berkeley.edu,Female,2009-02-27,China
73,Flin,McMenamin,fmcmenamin20@technorati.com,Male,2015-12-30,Indonesia
74,Ester,Ockwell,,Female,1922-06-29,Philippines
75,Billy,Goodhay,,Female,1924-10-12,Croatia
76,Barris,Woltman,,Male,1958-01-29,Czech Republic
77,Town,Bengal,tbengal24@apple.com,Male,1988-02-08,Sweden
78,Mikaela,Bortolozzi,mbortolozzi25@51.la,Female,1942-12-08,Mexico
79,Inga,Pree,ipree26@miibeian.gov.cn,Female,2017-04-13,Slovenia
80,Bob,Challener,bchallener27@telegraph.co.uk,Male,2011-11-17,Thailand
81,Marcello,Blamey,,Male,1925-09-01,France
82,Fabe,Winders,,Male,2014-05-12,Russia
83,Rebeca,Bugdale,rbugdale2a@discuz.net,Female,1915-07-04,Russia
84,Geno,Scini,,Male,1938-02-25,China
85,Colette,Clausen,cclausen2c@1und1.de,Female,1971-04-11,Russia
86,Rayshell,Bourley,rbourley2d@mozilla.org,Genderqueer,1943-06-30,Philippines
87,Perice,Derle,pderle2e@issuu.com,Male,2000-12-24,United Arab Emirates
88,Carmine,D'Elia,cdelia2f@joomla.org,Female,2011-10-29,Philippines
89,Jedidiah,Vaggs,,Male,2021-11-02,China
90,Jackie,Nott,jnott2h@disqus.com,Male,1922-03-22,Thailand
91,Gallard,Archbald,,Non-binary,1998-01-15,Mexico
92,Peri,Rea,,Female,1959-03-19,Portugal
93,Murvyn,Figg,,Male,2017-01-21,Indonesia
94,Artemas,Signoret,,Male,2018-12-28,Mexico
95,Reynolds,Winchester,,Male,1931-02-13,Indonesia
96,Douglass,Halleday,dhalleday2n@ucsd.edu,Male,1968-01-14,Sweden
97,Giffer,Jagoe,gjagoe2o@infoseek.co.jp,Male,2018-01-22,Serbia
98,Port,Laurenson,plaurenson2p@prweb.com,Male,1958-01-01,Indonesia
99,Oliy,Glanville,oglanville2q@va.gov,Female,1973-08-22,United States
100,Abra,Strange,astrange2r@mysql.com,Female,1993-09-18,Mayotte
101,Heddi,Leivers,hleivers2s@pbs.org,Female,1994-08-15,Portugal
102,Sinclare,Le Jean,slejean2t@dell.com,Genderfluid,2021-09-23,Thailand
103,Merrielle,Corney,,Female,1987-05-25,Portugal
104,Ulberto,Grigore,,Male,2001-07-22,Russia
105,Eleonore,Jovanovic,ejovanovic2w@ebay.co.uk,Female,1960-04-27,South Africa
106,See,Sawyer,ssawyer2x@google.com.br,Male,1945-01-07,Russia
107,Janel,Thow,,Genderqueer,1928-02-16,New Zealand
108,Warde,Pinchon,wpinchon2z@mediafire.com,Male,1985-08-05,China
109,Guido,Chansonnau,gchansonnau30@chronoengine.com,Male,1938-04-17,Guatemala
110,Braden,Aubrey,baubrey31@ibm.com,Male,1983-10-03,Mexico
111,Ransell,Faunch,rfaunch32@comcast.net,Male,2018-11-30,Ivory Coast
112,Enrique,Bussens,ebussens33@ycombinator.com,Male,2000-07-20,Poland
113,Boot,Langshaw,blangshaw34@google.com,Male,1978-06-25,Indonesia
114,Erik,Lemm,,Male,2001-04-11,China
115,Rosana,Podbury,rpodbury36@tiny.cc,Non-binary,1921-05-01,Greece
116,Heidi,Goeff,,Female,1917-11-25,Greece
117,Raphaela,Elbourne,,Female,1952-12-06,China
118,Ardyce,Bikker,abikker39@oaic.gov.au,Female,1916-04-15,Poland
119,Milton,Freed,,Male,2000-09-26,China
120,Fabe,Strete,fstrete3b@webnode.com,Male,1969-12-18,China
121,Neila,Bodega,nbodega3c@mysql.com,Female,1950-08-09,Chile
122,Abbe,Crosbie,,Male,2005-12-08,China
123,Joey,Lube,,Male,1986-04-30,Indonesia
124,Lammond,Fulcher,,Male,2017-04-20,Russia
125,Katee,Schach,kschach3g@opera.com,Female,1919-02-14,China
126,Aubree,Mews,,Female,1952-05-31,Colombia
127,Annabella,Lowson,alowson3i@dyndns.org,Female,2001-12-30,South Africa
128,Hilde,Phillcox,,Female,1915-02-24,Tunisia
129,Jessie,Mandry,jmandry3k@senate.gov,Bigender,2018-10-24,Portugal
130,Dee,Cafferty,dcafferty3l@issuu.com,Female,2003-03-01,Russia
131,Tymothy,Phizacklea,tphizacklea3m@sakura.ne.jp,Male,1995-02-13,Indonesia
132,Ruthy,Owens,rowens3n@xrea.com,Bigender,1946-05-30,Brazil
133,Jimmie,Gladman,jgladman3o@a8.net,Male,2008-10-08,Indonesia
134,Berti,Boyett,,Female,1922-11-24,Philippines
135,Cyndia,Gudyer,cgudyer3q@mtv.com,Female,2016-11-18,Portugal
136,Felicle,Wynn,,Female,1980-09-28,Indonesia
137,Forster,Rozea,frozea3s@upenn.edu,Male,2013-05-02,Japan
138,Bili,Bushaway,bbushaway3t@icq.com,Female,1942-05-04,Indonesia
139,Sara-ann,Orknay,sorknay3u@mac.com,Female,1970-04-13,Mexico
140,Elwira,Duncan,eduncan3v@sourceforge.net,Female,2004-06-18,Malta
141,Kenna,Brigstock,kbrigstock3w@hubpages.com,Female,1931-05-07,France
142,Raimund,Maunton,,Male,1974-06-15,Uruguay
143,Flossie,Luddy,fluddy3y@de.vu,Polygender,1989-02-02,North Korea
144,Marie,Kingswoode,,Female,1954-10-28,Brazil
145,Wallace,Standen,,Genderqueer,1998-02-18,Panama
146,Meghan,Kuhl,,Female,1942-01-25,Portugal
147,Courtenay,Conman,cconman42@cargocollective.com,Female,1982-07-01,Russia
148,Wynne,Kobierski,wkobierski43@123-reg.co.uk,Female,2010-02-24,Italy
149,Merridie,Daubney,mdaubney44@irs.gov,Female,2022-02-27,Albania
150,Lamar,Fitt,,Male,1947-02-28,China
151,Ruperto,Slogrove,rslogrove46@hexun.com,Male,1934-10-17,Nigeria
152,Cordy,Gagie,cgagie47@cocolog-nifty.com,Male,1971-11-13,South Korea
153,Irene,Sibbert,isibbert48@thetimes.co.uk,Female,1928-08-27,China
154,Clemente,Ffrench,cffrench49@phpbb.com,Male,1979-09-04,Indonesia
155,Harriet,Blaxton,hblaxton4a@phpbb.com,Female,1986-03-16,China
156,Salomone,Gilhooly,sgilhooly4b@posterous.com,Male,1930-10-11,Peru
157,Marysa,Domingues,mdomingues4c@dropbox.com,Female,2000-09-19,China
158,Sherye,Malinowski,smalinowski4d@goo.ne.jp,Female,2020-03-05,Philippines
159,Kermit,Culley,,Male,2013-09-02,Poland
160,Correy,Whitwood,cwhitwood4f@elegantthemes.com,Male,1919-02-01,Russia
161,Marnie,Aizikovitz,maizikovitz4g@free.fr,Polygender,1968-01-16,Cuba
162,Gram,Wheildon,,Male,1932-08-20,China
163,Alley,Spier,aspier4i@elpais.com,Male,1952-06-07,Zimbabwe
164,Clayborn,Ganning,cganning4j@dropbox.com,Male,1964-06-27,Philippines
165,Maje,Wiltsher,,Male,1990-12-14,Philippines
166,Candide,McPhail,,Female,1983-11-22,China
167,Farris,Hampshaw,fhampshaw4m@kickstarter.com,Male,1992-05-05,China
168,Danie,Leavold,,Male,1970-12-18,Belarus
169,Elinor,Crunden,ecrunden4o@sphinn.com,Female,1980-10-01,Sweden
170,Sibeal,Izod,,Female,1926-09-19,Russia
171,Tallulah,Culshaw,tculshaw4q@squidoo.com,Female,1962-09-02,China
172,Penn,Boggish,,Male,2020-06-11,Indonesia
173,Bambie,Bakhrushkin,,Female,1937-09-06,Syria
174,Edlin,Korneichuk,ekorneichuk4t@hostgator.com,Non-binary,1994-03-06,China
175,Carey,Hedling,chedling4u@g.co,Female,1961-06-04,Russia
176,Rivkah,Jahner,rjahner4v@europa.eu,Female,2018-06-11,Morocco
177,Justin,Chard,jchard4w@creativecommons.org,Male,1988-08-06,Brazil
178,Dimitry,Lazare,dlazare4x@vistaprint.com,Male,1995-11-11,China
179,Ronalda,Cannan,rcannan4y@wikia.com,Female,1973-01-18,Sweden
180,Lorne,Tellenbach,,Male,2012-09-30,Indonesia
181,Harcourt,Rawood,,Male,1997-12-14,Indonesia
182,Jasmin,Vowell,,Female,1944-03-17,Philippines
183,Cinderella,Tall,,Female,1914-05-20,Israel
184,Ari,Garrie,agarrie53@mayoclinic.com,Male,1960-04-21,China
185,Saxon,Ochiltree,sochiltree54@cisco.com,Male,1913-01-31,China
186,Annabelle,Bezant,abezant55@ihg.com,Female,1927-03-19,China
187,Hayley,Joost,,Female,1962-12-07,Russia
188,Gladi,Waters,,Female,2008-09-09,United States
189,Fifine,Postin,fpostin58@spotify.com,Female,1943-04-10,China
190,Serge,Skellen,sskellen59@cbslocal.com,Male,2014-11-16,Morocco
191,Valle,Bollard,vbollard5a@omniture.com,Male,1927-09-05,Turkmenistan
192,Jenda,Jeffcock,jjeffcock5b@over-blog.com,Female,2009-10-17,France
193,Inigo,Gummery,igummery5c@wunderground.com,Male,2011-10-04,Indonesia
194,Mia,Nickoll,mnickoll5d@amazon.de,Female,1956-11-13,Ireland
195,Jamesy,Quickenden,jquickenden5e@etsy.com,Male,1915-02-20,Nicaragua
196,Brennen,Serrels,bserrels5f@intel.com,Male,1942-05-31,Brazil
197,Sydel,Dinneges,sdinneges5g@squarespace.com,Female,2017-09-05,Russia
198,Nonah,Goldston,,Female,2006-02-24,Ireland
199,Vera,Wynne,,Female,1967-06-16,France
200,Levey,Bentson,lbentson5j@google.com.br,Male,1939-06-20,Northern Mariana Islands
201,Lucia,Heck,lheck5k@cbc.ca,Female,1943-12-23,China
202,Patricio,Bondley,,Male,1912-07-29,Vietnam
203,Dominique,Januszewicz,djanuszewicz5m@weebly.com,Female,1991-09-22,China
204,Arvie,Popplestone,apopplestone5n@soup.io,Male,1981-12-12,Sweden
205,Gearard,Tomich,gtomich5o@vistaprint.com,Male,1973-10-09,Mexico
206,Justis,Spellard,,Male,1957-05-14,Ukraine
207,Fidelia,Nelthrop,,Female,1943-12-24,China
208,Osmond,Powers,opowers5r@theguardian.com,Male,1961-03-23,Philippines
209,Tristan,Vales,tvales5s@pen.io,Male,1967-03-05,Portugal
210,Kimmi,Corwood,kcorwood5t@purevolume.com,Female,1940-01-13,China
211,Teresina,Churchard,,Female,1944-08-01,Belarus
212,Cole,Yakobovitz,cyakobovitz5v@fc2.com,Male,2003-08-09,Brazil
213,Garreth,Olden,golden5w@trellian.com,Male,1991-11-16,Indonesia
214,Banky,Volkes,bvolkes5x@zdnet.com,Male,1918-06-09,Thailand
215,Lilllie,Skully,lskully5y@parallels.com,Genderqueer,2011-01-01,Brazil
216,Rufus,Vasenkov,rvasenkov5z@ustream.tv,Male,1978-12-13,Japan
217,Olav,Simka,osimka60@cocolog-nifty.com,Male,1953-12-10,Lithuania
218,Christin,Fulmen,,Female,2012-02-12,Philippines
219,Branden,Cramphorn,bcramphorn62@etsy.com,Male,1981-11-19,Thailand
220,Waylan,Place,wplace63@nps.gov,Male,2018-04-21,Egypt
221,Jorrie,Baudinet,jbaudinet64@nbcnews.com,Female,2008-08-28,Cuba
222,Hurley,Suddick,hsuddick65@flickr.com,Male,1965-02-03,China
223,Wye,Jaffra,wjaffra66@washington.edu,Male,1974-09-04,Panama
224,Marc,Marishenko,,Male,1915-01-18,Ivory Coast
225,Jilli,Pizzie,,Female,1916-02-04,Philippines
226,Lucie,Nolleau,lnolleau69@latimes.com,Female,1990-07-02,Madagascar
227,Silvio,Moses,smoses6a@dedecms.com,Male,1945-12-05,Ukraine
228,Arron,De Luna,,Male,1910-09-22,China
229,Mamie,Merriott,mmerriott6c@boston.com,Female,1946-11-18,Portugal
230,Massimo,McQueen,mmcqueen6d@rambler.ru,Male,1927-01-12,Russia
231,Maryl,Botright,mbotright6e@devhub.com,Female,1996-02-15,Indonesia
232,Monty,Merredy,mmerredy6f@spotify.com,Male,2008-12-10,Brazil
233,Zeke,Sailor,,Male,2020-10-05,Indonesia
234,Barnebas,Pardew,bpardew6h@altervista.org,Male,1979-02-27,Afghanistan
235,Esteban,Moro,,Male,1980-11-16,Indonesia
236,Finlay,Vasser,fvasser6j@oaic.gov.au,Male,1996-08-18,China
237,Jone,Gaskarth,,Male,1940-05-18,British Virgin Islands
238,Car,Organer,corganer6l@i2i.jp,Agender,1998-12-09,Japan
239,Caria,St. Queintain,cstqueintain6m@people.com.cn,Female,2000-01-15,Indonesia
240,Aila,Alejandro,aalejandro6n@accuweather.com,Agender,1989-08-03,Indonesia
241,Jordon,Wrightham,,Male,1915-09-24,Peru
242,Beilul,Thatcher,bthatcher6p@bizjournals.com,Female,1952-08-08,Ethiopia
243,Banky,Rupke,brupke6q@spotify.com,Male,1981-11-14,Portugal
244,April,Daverin,,Female,1940-04-26,Peru
245,Ezra,Ray,eray6s@blinklist.com,Male,1942-05-15,Ethiopia
246,Deidre,Kuban,dkuban6t@spotify.com,Female,1950-08-28,Brazil
247,Becca,Gilluley,bgilluley6u@ycombinator.com,Female,2002-11-05,Czech Republic
248,Germain,Boase,gboase6v@cornell.edu,Female,2015-06-24,Mongolia
249,Broddie,Boagey,bboagey6w@odnoklassniki.ru,Male,2022-04-16,Haiti
250,Venita,Archbutt,varchbutt6x@exblog.jp,Female,1941-02-07,Indonesia
251,Lenka,Hammersley,lhammersley6y@mapy.cz,Female,1969-11-03,Malaysia
252,Billye,Handrik,bhandrik6z@census.gov,Female,1944-08-18,China
253,Tammara,Blackston,tblackston70@google.es,Female,1931-01-24,Latvia
254,Fitzgerald,Hanning,fhanning71@arstechnica.com,Male,2006-02-20,China
255,Verne,Bestall,vbestall72@etsy.com,Male,2019-09-23,Indonesia
256,Codie,Jollands,cjollands73@macromedia.com,Male,1915-11-12,Brazil
257,Adriana,Bretland,abretland74@icq.com,Female,1983-04-09,Kosovo
258,Elden,Yelden,eyelden75@nature.com,Male,1911-03-11,Ecuador
259,Damien,Lempke,dlempke76@multiply.com,Male,1932-01-16,Czech Republic
260,Wittie,Klammt,wklammt77@google.es,Male,2019-05-26,Indonesia
261,Carilyn,Sondon,csondon78@eventbrite.com,Female,1912-09-10,Syria
262,Garret,Spaughton,gspaughton79@wordpress.com,Male,1976-07-07,Russia
263,Maynard,Thon,,Male,1971-11-22,Spain
264,Lanni,Durran,ldurran7b@fda.gov,Female,1991-06-29,Tunisia
265,Emmye,Bushen,ebushen7c@about.me,Female,1975-02-10,China
266,Jarad,Stannion,jstannion7d@pbs.org,Male,1911-01-26,France
267,Tim,Abrahamson,,Male,1926-07-03,Georgia
268,Filide,Foker,,Female,1995-08-29,Tunisia
269,Cordell,Morl,cmorl7g@cpanel.net,Male,1983-05-30,China
270,Yvonne,Fowler,,Female,1965-03-28,Indonesia
271,Dougy,Bulgen,dbulgen7i@omniture.com,Male,2021-04-13,Russia
272,Fielding,Taggett,,Genderfluid,2013-04-05,Indonesia
273,Birgitta,Dmitriev,bdmitriev7k@php.net,Female,1913-11-06,Philippines
274,Byrann,Heiden,bheiden7l@google.com,Male,2022-03-03,Serbia
275,Marcelia,Rockhill,mrockhill7m@uol.com.br,Female,2020-01-21,Peru
276,Kingston,Simionescu,,Male,1917-02-12,Russia
277,Deny,Petty,dpetty7o@yahoo.co.jp,Female,1995-02-05,China
278,Sloane,Channon,schannon7p@home.pl,Male,1949-06-24,Argentina
279,Worthington,Scroggs,,Male,1928-02-24,Yemen
280,Jewelle,Philcock,jphilcock7r@weather.com,Female,1954-11-27,Philippines
281,Darn,Rosa,drosa7s@sfgate.com,Male,1948-05-25,Peru
282,Bevvy,Dowty,bdowty7t@indiegogo.com,Female,1957-05-03,Brazil
283,Arabelle,Shrigley,ashrigley7u@wunderground.com,Female,1979-01-26,Netherlands
284,Sascha,Muspratt,smuspratt7v@fotki.com,Female,2011-03-24,Sweden
285,Arley,Binham,abinham7w@soundcloud.com,Male,1981-04-21,France
286,Hyman,Blain,hblain7x@canalblog.com,Male,1929-03-24,China
287,Celinka,Kernock,ckernock7y@naver.com,Female,1916-09-05,Indonesia
288,Dulcy,Bubbins,dbubbins7z@wordpress.org,Female,1969-06-28,Albania
289,Anita,McKellar,amckellar80@chron.com,Female,1967-10-25,Guinea
290,Lem,Fellini,,Male,1915-01-28,China
291,Jackqueline,Keam,jkeam82@wired.com,Female,1967-12-07,Indonesia
292,Rickie,Rentoul,rrentoul83@over-blog.com,Male,1981-03-12,Venezuela
293,Mireille,Rivett,,Female,1990-01-10,China
294,Laurene,Howchin,,Agender,1927-10-05,Thailand
295,Gwenni,Winspear,gwinspear86@addtoany.com,Female,1943-12-28,China
296,Ambrosio,Iacovucci,aiacovucci87@delicious.com,Male,2013-12-17,Czech Republic
297,Cammie,Hess,chess88@exblog.jp,Female,1972-11-21,Indonesia
298,Salaidh,Kindleside,,Female,1963-03-13,Eritrea
299,Ches,Ivakhin,civakhin8a@europa.eu,Male,1986-12-01,Poland
300,Sebastian,Devall,sdevall8b@tumblr.com,Male,1915-03-22,Malaysia
301,Lelia,Abramamov,,Female,1931-08-03,Finland
302,Gypsy,Beveredge,,Female,2014-09-06,Poland
303,Fayth,Smithson,fsmithson8e@engadget.com,Female,2002-03-14,China
304,Lane,Felgat,lfelgat8f@hibu.com,Female,1968-11-11,France
305,Eleonora,Diplock,ediplock8g@baidu.com,Female,1938-09-13,China
306,Adelle,Musto,amusto8h@spiegel.de,Female,1988-03-27,Philippines
307,Weylin,Kibbye,wkibbye8i@51.la,Male,1951-01-10,China
308,Carlos,Trye,ctrye8j@dion.ne.jp,Male,1923-02-04,Russia
309,Duky,Ellacott,dellacott8k@t-online.de,Agender,1924-10-14,Mongolia
310,Ursula,Albisser,ualbisser8l@51.la,Female,1925-04-24,Peru
311,Doris,Swalwell,dswalwell8m@behance.net,Female,1924-06-17,United States
312,Vincenty,Janes,,Male,1949-04-09,Vietnam
313,Shani,Salmons,ssalmons8o@wix.com,Female,1983-11-03,Indonesia
314,Gustaf,Medlin,gmedlin8p@weebly.com,Male,1960-09-08,Madagascar
315,Sayres,Ilyinski,silyinski8q@digg.com,Male,1955-01-03,Indonesia
316,Luce,Stebbings,lstebbings8r@microsoft.com,Genderqueer,1934-09-05,Reunion
317,Cynthy,Bridden,,Female,1952-05-14,Indonesia
318,Denny,Kleeborn,dkleeborn8t@eventbrite.com,Female,2000-09-04,China
319,Ignaz,Strathdee,istrathdee8u@wsj.com,Male,1913-04-17,China
320,Dreddy,Brough,dbrough8v@addtoany.com,Female,1952-09-15,China
321,Nadean,Diack,,Female,1950-11-26,Indonesia
322,Marice,Blockwell,mblockwell8x@jigsy.com,Female,1939-06-29,Indonesia
323,Madella,Salerg,msalerg8y@nhs.uk,Female,1967-02-04,Brazil
324,Perle,Laugherane,plaugherane8z@hatena.ne.jp,Bigender,2005-10-30,Thailand
325,Janka,Elmar,jelmar90@umn.edu,Female,1944-11-26,China
326,Ardyth,Racher,,Genderfluid,1984-08-04,Philippines
327,Blinnie,Doughill,,Female,1998-04-26,Philippines
328,Pierette,Newlands,,Female,1936-07-16,Ukraine
329,Nada,Americi,,Female,1913-07-17,Portugal
330,Borg,Mozzetti,bmozzetti95@pen.io,Non-binary,1953-11-24,Eritrea
331,Aldon,Labbey,alabbey96@51.la,Male,1980-10-31,Nicaragua
332,Lory,Prisley,lprisley97@usgs.gov,Female,2013-08-07,Russia
333,Tyler,Byers,tbyers98@mozilla.com,Male,1998-05-02,Indonesia
334,Filmore,Kiehnlt,fkiehnlt99@opensource.org,Male,1975-03-10,Indonesia
335,Philomena,Heaney,pheaney9a@liveinternet.ru,Female,1985-12-27,Iran
336,Otis,Monger,omonger9b@sogou.com,Male,1920-10-23,China
337,Nani,Whiffin,nwhiffin9c@businessinsider.com,Female,1955-08-17,Kenya
338,Fergus,Crus,fcrus9d@hibu.com,Male,1930-10-02,Indonesia
339,Ernesto,Clerc,,Male,1923-03-28,Portugal
340,Jan,Eskrigge,,Female,1935-05-03,Poland
341,Vail,Billiard,vbilliard9g@ca.gov,Male,1955-09-27,Sweden
342,Helaina,Eales,heales9h@photobucket.com,Female,1968-09-22,China
343,Roxana,Scarasbrick,rscarasbrick9i@ed.gov,Female,1985-06-27,Macedonia
344,Nelson,Licciardi,nlicciardi9j@ovh.net,Male,1980-03-20,Russia
345,Allin,Coward,acoward9k@utexas.edu,Male,1987-11-05,China
346,Nathalie,Mattis,nmattis9l@gnu.org,Female,1924-05-02,China
347,Stevena,Leall,,Female,1976-11-08,Ukraine
348,Otho,McLagan,omclagan9n@myspace.com,Male,2021-01-03,United States
349,Modestia,Moreno,mmoreno9o@usgs.gov,Female,1986-09-18,Indonesia
350,Andrey,Matteucci,,Male,2008-04-27,Japan
351,Westley,Bilyard,,Male,2008-03-25,Germany
352,Nady,Poulson,,Female,1971-06-04,Sweden
353,Brady,Minchinden,bminchinden9s@flavors.me,Male,1935-05-13,Ghana
354,Thorndike,Corbridge,tcorbridge9t@google.com.hk,Male,1993-09-02,Azerbaijan
355,Sander,Tolhurst,stolhurst9u@apache.org,Male,1918-10-02,China
356,Lindsay,Toffetto,ltoffetto9v@livejournal.com,Male,2021-08-05,Philippines
357,Georgena,Durante,,Female,2008-04-14,Portugal
358,Mayer,Cossom,mcossom9x@jigsy.com,Male,1963-03-26,Philippines
359,Meredith,Crasford,mcrasford9y@illinois.edu,Male,2011-09-06,Brazil
360,Lindi,Kettlestringes,lkettlestringes9z@webmd.com,Genderqueer,1914-07-01,China
361,Zeke,Hoyes,zhoyesa0@apache.org,Male,1966-03-14,China
362,Kissiah,Ramsay,,Polygender,1931-03-09,Pakistan
363,Alice,Mullen,amullena2@tuttocitta.it,Female,1927-05-04,United States
364,Victoir,Gilliatt,,Male,1970-12-13,Indonesia
365,Dillie,Jenking,,Male,1984-03-04,Canada
366,Warren,Aynold,waynolda5@wp.com,Male,1932-08-11,Indonesia
367,Corliss,Oldcroft,coldcrofta6@homestead.com,Female,1981-10-10,Uruguay
368,Kienan,Geram,,Male,2005-09-24,Czech Republic
369,Lacie,Newborn,lnewborna8@behance.net,Female,1950-11-08,Indonesia
370,Tedman,Robertsen,,Male,1944-06-21,China
371,Marys,Davio,,Female,1990-07-18,Kyrgyzstan
372,Beauregard,Cloute,bclouteab@cnet.com,Male,1977-09-03,Canada
373,Libbi,Bohlens,lbohlensac@blogtalkradio.com,Female,1995-11-24,Czech Republic
374,Kikelia,Togwell,,Female,1928-09-03,Russia
375,Christabella,Tiplady,ctipladyae@google.cn,Female,1965-01-20,Indonesia
376,Katrine,Honack,,Female,1995-10-06,Brazil
377,Isacco,Kinman,ikinmanag@tmall.com,Male,2011-11-26,United States
378,Emlyn,Teacy,eteacyah@cbsnews.com,Female,2003-05-20,Russia
379,Priscella,Fahey,,Female,2010-01-25,China
380,Zia,Reardon,,Female,1978-12-30,Nigeria
381,Ceil,Burberry,,Female,1925-04-20,Kazakhstan
382,Agace,MacCurtain,amaccurtainal@bandcamp.com,Non-binary,2012-10-29,Poland
383,Tulley,Laetham,tlaethamam@virginia.edu,Polygender,1910-10-21,Indonesia
384,Verna,O'Cahey,vocaheyan@so-net.ne.jp,Female,1934-08-19,Brazil
385,Patrizio,Duinbleton,pduinbletonao@meetup.com,Male,1970-09-14,Pakistan
386,Jessie,Hartfleet,jhartfleetap@mayoclinic.com,Female,1928-02-27,Armenia
387,Ezequiel,Gilbody,egilbodyaq@themeforest.net,Male,1960-05-09,Brazil
388,Aland,Cheek,,Male,2001-06-22,Indonesia
389,Mitchell,Thoresby,mthoresbyas@youku.com,Male,1954-01-17,Chile
390,Olwen,Huison,ohuisonat@apple.com,Female,2020-02-21,China
391,Mylo,Brooksbank,mbrooksbankau@joomla.org,Genderfluid,1988-10-18,Poland
392,Sly,Braban,sbrabanav@pbs.org,Male,1910-10-06,Philippines
393,Radcliffe,Reder,rrederaw@wunderground.com,Male,1946-01-04,Tunisia
394,Edeline,Beining,ebeiningax@desdev.cn,Female,1993-01-21,Indonesia
395,Jo-anne,Byrcher,,Female,1932-02-20,Ukraine
396,Javier,Zoane,jzoaneaz@webs.com,Male,2003-05-21,China
397,Dalila,Doyland,ddoylandb0@nasa.gov,Female,1964-06-07,China
398,Sibella,Olivet,,Female,1915-05-27,Mexico
399,Lurette,Shirer,lshirerb2@businessinsider.com,Female,1951-05-18,Russia
400,Ric,Tinkler,rtinklerb3@hao123.com,Male,1956-04-14,Philippines
401,Vilma,Olifard,,Female,1920-02-16,Russia
402,Sally,Woollett,swoollettb5@about.com,Female,2008-01-11,United States
403,Crin,Barosch,cbaroschb6@bluehost.com,Agender,1926-04-06,Ukraine
404,Valeria,Kimber,vkimberb7@elpais.com,Female,1986-04-30,Nepal
405,Newton,Peasegod,npeasegodb8@nationalgeographic.com,Male,1935-06-23,Gabon
406,Leah,Furlow,,Female,2010-11-25,United States
407,Wiatt,Real,wrealba@sakura.ne.jp,Male,1952-08-09,Indonesia
408,Rora,Swatten,,Female,1991-09-02,Russia
409,Percy,Summerlad,psummerladbc@about.com,Polygender,1925-11-23,Czech Republic
410,Myriam,Barents,,Female,1991-04-15,Norway
411,Danya,Sired,dsiredbe@multiply.com,Agender,1963-08-08,Germany
412,Josee,McTavy,,Female,2019-02-04,Brazil
413,Johann,Style,jstylebg@newsvine.com,Male,1944-12-09,China
414,Ermentrude,Showers,,Female,1974-11-28,China
415,Krystle,Terbeek,kterbeekbi@elegantthemes.com,Female,1917-02-27,China
416,Cassie,Velden,,Agender,1915-06-18,China
417,Benn,Ogg,,Male,1997-08-15,Portugal
418,Desmund,Beckhurst,dbeckhurstbl@mayoclinic.com,Male,1995-09-11,Indonesia
419,Victoria,Yakovl,,Female,1979-12-19,China
420,Buck,Vreede,,Male,1969-04-04,Sweden
421,Godart,aManger,gamangerbo@europa.eu,Male,1930-11-14,Indonesia
422,Nicola,Deam,,Female,1935-09-25,Afghanistan
423,Cordy,Acome,cacomebq@cisco.com,Male,1942-12-28,South Africa
424,Anderson,Hardway,ahardwaybr@naver.com,Male,2016-04-18,Spain
425,Brucie,O'Currane,bocurranebs@sfgate.com,Male,1977-03-12,Russia
426,Imogen,Kingshott,,Female,1994-01-16,Poland
427,Roderigo,Clyburn,rclyburnbu@360.cn,Male,2009-11-21,Indonesia
428,Ferris,Glasscoe,,Male,1988-08-29,Vietnam
429,Lucina,Mundwell,lmundwellbw@purevolume.com,Female,2010-12-12,Chile
430,Lilyan,Mustill,lmustillbx@admin.ch,Female,2007-07-20,China
431,Leilah,Drayson,ldraysonby@soundcloud.com,Female,1977-06-30,Mexico
432,Ashleigh,Gare,agarebz@symantec.com,Female,1995-07-23,Indonesia
433,Lina,Horlock,lhorlockc0@wikipedia.org,Polygender,2005-06-25,Cuba
434,Barret,Goshawke,,Male,1963-10-04,Brazil
435,Tito,Edgington,tedgingtonc2@dion.ne.jp,Male,1994-05-10,China
436,Earl,Lanktree,,Male,1993-04-09,Indonesia
437,Gracie,Crocket,gcrocketc4@simplemachines.org,Female,1997-02-14,Brazil
438,Leanor,Hurley,,Female,2021-08-12,South Africa
439,Angeline,Shervil,ashervilc6@google.pl,Female,1958-04-01,Portugal
440,Marcie,Huban,,Genderqueer,1926-10-28,Saudi Arabia
441,Bert,Gladdolph,,Female,2016-07-30,Yemen
442,Rikki,Krolle,,Female,1947-11-16,Malaysia
443,Valry,Thresher,vthresherca@weather.com,Female,1973-09-03,Brazil
444,Roxanna,Mateos,rmateoscb@webs.com,Genderqueer,1993-10-27,Peru
445,Alena,Yo,,Female,1980-03-21,China
446,Adolphe,Owttrim,,Male,1945-11-18,Greece
447,Brunhilda,Ziemens,bziemensce@dropbox.com,Female,1937-10-02,China
448,Pearla,Grantham,pgranthamcf@amazon.com,Female,1935-10-05,Czech Republic
449,Mikol,Bateup,mbateupcg@smh.com.au,Male,2011-12-04,United States
450,Crissie,Timmons,,Female,1958-09-10,China
451,Claresta,Kilshaw,ckilshawci@google.pl,Bigender,1981-03-12,Indonesia
452,Tris,Howatt,thowattcj@google.ca,Male,1943-07-15,China
453,Jeanna,Channing,jchanningck@patch.com,Female,1918-11-13,China
454,Dukey,Hoofe,,Male,2005-01-06,Germany
455,Dredi,Whatmough,dwhatmoughcm@elegantthemes.com,Female,2021-01-11,Kazakhstan
456,Deva,Brydson,dbrydsoncn@patch.com,Female,1932-03-26,United States
457,Tore,Beet,tbeetco@stumbleupon.com,Male,2007-09-26,Portugal
458,Basil,Jirieck,,Male,2009-10-05,Argentina
459,Orlan,Spore,osporecq@hatena.ne.jp,Male,2020-04-26,Russia
460,Chantalle,Pinckard,cpinckardcr@uiuc.edu,Female,1952-07-04,Philippines
461,Ainslee,Heater,aheatercs@odnoklassniki.ru,Female,1977-11-20,Thailand
462,Maggi,Roycroft,,Female,1937-04-11,France
463,Cathlene,Falkinder,,Female,1921-11-28,Chile
464,Marlie,Jacklin,mjacklincv@wikimedia.org,Female,1971-05-23,South Africa
465,Alisa,Petren,,Female,1914-08-06,Canada
466,Lydie,Treverton,ltrevertoncx@desdev.cn,Female,1964-03-01,Czech Republic
467,Wang,MacTurlough,,Male,1990-04-08,Guatemala
468,Lotta,Bridge,lbridgecz@dion.ne.jp,Female,1921-07-14,China
469,Somerset,Abramamov,sabramamovd0@harvard.edu,Male,1944-01-18,Philippines
470,Sanson,Falkingham,sfalkinghamd1@spiegel.de,Male,1969-09-27,Philippines
471,Ashlee,Gaitung,,Female,1974-08-26,Japan
472,Norrie,Clair,nclaird3@admin.ch,Polygender,1961-05-01,Philippines
473,Abbe,Casel,acaseld4@facebook.com,Bigender,1950-07-07,Vietnam
474,Remus,O'Doohaine,rodoohained5@cnet.com,Male,1999-04-29,Afghanistan
475,Maddie,Couve,mcouved6@businessweek.com,Male,1981-08-04,Brazil
476,Abbie,Brigden,abrigdend7@yahoo.co.jp,Female,1988-01-08,China
477,Agneta,Readwing,,Female,1939-08-16,Canada
478,Boyce,Rickword,brickwordd9@marketwatch.com,Male,1929-04-03,Ukraine
479,Rosanne,Blakeney,rblakeneyda@springer.com,Female,1975-11-15,Egypt
480,Karoly,Moyne,,Female,1930-03-14,Philippines
481,Smitty,Jenicke,,Bigender,1935-04-10,Pakistan
482,Jackie,Stairmond,,Male,1953-10-02,Croatia
483,Verge,Goede,vgoedede@bloglovin.com,Male,2019-11-03,China
484,Linet,Schulz,,Female,1967-04-23,China
485,Lacie,Trenam,ltrenamdg@epa.gov,Female,2012-02-01,Indonesia
486,Rosetta,Risley,rrisleydh@reddit.com,Female,1910-08-29,Syria
487,Helenka,Hilary,hhilarydi@omniture.com,Female,2012-05-10,Indonesia
488,Bianka,Grabb,,Female,1951-05-11,Sweden
489,Marijn,Salleir,,Male,1970-01-20,Malaysia
490,Ebeneser,McCaskill,emccaskilldl@mit.edu,Male,1983-02-28,China
491,Sid,Van Rembrandt,,Male,1972-03-17,Portugal
492,Fleurette,Holhouse,fholhousedn@sitemeter.com,Female,1990-01-15,Russia
493,Rudd,Forrest,rforrestdo@google.ca,Male,1938-08-03,Nepal
494,Bea,Corsan,bcorsandp@bluehost.com,Female,1991-10-31,China
495,De,Fydo,dfydodq@slideshare.net,Female,1927-04-16,France
496,Dominic,Willford,dwillforddr@free.fr,Male,1984-10-11,Ireland
497,Carilyn,Mowle,cmowleds@wordpress.com,Female,2013-08-22,China
498,Robbyn,Bessom,,Female,1970-11-06,Poland
499,Christoph,Jacke,cjackedu@mysql.com,Male,1994-01-04,Russia
500,Virgil,Askin,vaskindv@xrea.com,Male,2022-03-01,Russia
501,Moises,Fleeman,mfleemandw@wiley.com,Male,1937-01-27,North Korea
502,Garret,Farrer,gfarrerdx@homestead.com,Male,1974-07-19,Saudi Arabia
503,Rachel,Blandamere,rblandameredy@wikispaces.com,Female,1924-07-07,Finland
504,Roby,Todarini,rtodarinidz@github.io,Female,1989-03-15,Albania
505,Richardo,McLeish,,Male,1964-02-21,Indonesia
506,Randi,Evers,,Female,2014-10-27,Philippines
507,Daffi,Cumberbatch,,Female,1970-09-25,Argentina
508,Abie,Broadley,abroadleye3@spotify.com,Male,1929-09-19,Sweden
509,Tammie,Cottesford,,Female,1993-02-01,Russia
510,Shepperd,Burchett,sburchette5@slideshare.net,Male,1950-02-28,Bulgaria
511,Elissa,Neenan,eneenane6@cbc.ca,Female,2006-01-22,French Polynesia
512,Bartholomew,Dilgarno,bdilgarnoe7@google.com.br,Male,1998-03-09,China
513,Beale,Vannoni,bvannonie8@netlog.com,Male,1940-04-27,Ukraine
514,Ruperto,Tubb,rtubbe9@bbb.org,Male,1956-06-12,Indonesia
515,Bertina,Donnan,bdonnanea@huffingtonpost.com,Female,1916-02-14,Ghana
516,Alanson,Warbys,awarbyseb@usda.gov,Male,1942-01-13,Indonesia
517,Ashley,Skelhorne,askelhorneec@rediff.com,Female,1970-10-12,Greece
518,Marje,Inkle,,Bigender,2002-07-03,Poland
519,Abagail,Guislin,aguislinee@cargocollective.com,Female,1944-07-23,China
520,Rickie,Harkus,rharkusef@cloudflare.com,Female,2012-12-05,Sweden
521,Tabby,Rodda,,Female,1969-06-12,Greece
522,Mignonne,Carmont,mcarmonteh@homestead.com,Female,2020-08-15,Russia
523,Alessandro,Alvarado,aalvaradoei@istockphoto.com,Male,1966-06-16,Malaysia
524,Elsy,Boots,,Female,2019-09-09,China
525,Fernande,McIlmorow,fmcilmorowek@oakley.com,Polygender,1943-08-28,China
526,Kanya,Punyer,kpunyerel@buzzfeed.com,Female,1925-10-27,Slovenia
527,Jehanna,Stanislaw,jstanislawem@infoseek.co.jp,Non-binary,1968-09-16,France
528,Brenn,Weiss,bweissen@aol.com,Female,1933-11-25,China
529,Gerik,Avann,gavanneo@harvard.edu,Male,1980-09-21,France
530,Eamon,Hansford,,Male,1987-06-28,Canada
531,Stern,Fipp,,Male,1941-02-10,Russia
532,Nester,Bilson,nbilsoner@yandex.ru,Male,1931-03-25,Russia
533,Yul,Halliburton,,Male,1982-02-03,China
534,Osbourn,Longley,olongleyet@delicious.com,Male,1926-04-14,Syria
535,Beulah,Lovick,blovickeu@rediff.com,Female,1933-12-27,Philippines
536,Kasper,Woolston,,Male,1992-06-17,Russia
537,Hildagard,Krysztowczyk,,Female,1922-09-04,China
538,Lewes,Cookman,lcookmanex@t-online.de,Male,1942-01-16,China
539,Katuscha,Idwal Evans,kidwalevansey@wikimedia.org,Female,1953-12-28,Indonesia
540,Maressa,Tinsey,mtinseyez@people.com.cn,Female,1953-02-28,Japan
541,Marlyn,Vedyasov,mvedyasovf0@netvibes.com,Female,1911-03-24,Portugal
542,Thomasina,Newsham,,Female,1927-10-27,Greece
543,Rodd,Phifer,rphiferf2@usda.gov,Male,1922-02-26,Mexico
544,Cleve,Fisher,cfisherf3@ted.com,Male,1957-12-08,Indonesia
545,Florella,Kingh,fkinghf4@sphinn.com,Female,1996-01-20,Niue
546,Jamison,Tinker,jtinkerf5@home.pl,Male,1944-04-06,Peru
547,Issiah,McCaskill,,Male,1932-08-28,South Korea
548,Dudley,Commucci,dcommuccif7@odnoklassniki.ru,Male,1918-04-16,France
549,Jandy,Romagosa,jromagosaf8@4shared.com,Female,1958-02-24,Ethiopia
550,Shelden,Shearman,sshearmanf9@de.vu,Male,2018-02-16,Indonesia
551,Wallis,McFfaden,,Female,2015-01-27,Venezuela
552,Maryrose,Sandall,msandallfb@geocities.jp,Female,2006-06-20,China
553,Ody,Wilde,owildefc@upenn.edu,Male,2002-11-08,China
554,Mabel,Konig,mkonigfd@miitbeian.gov.cn,Female,1973-03-06,Sweden
555,Salomo,Bemment,sbemmentfe@free.fr,Male,1996-03-12,Czech Republic
556,Claiborn,Turbern,,Male,1947-11-22,Kazakhstan
557,Moira,O'Hoolahan,mohoolahanfg@virginia.edu,Female,2011-09-16,Argentina
558,Edna,Coling,ecolingfh@miibeian.gov.cn,Female,1989-10-08,Mozambique
559,Ollie,Blaise,oblaisefi@google.de,Female,1947-06-02,Indonesia
560,Darrick,Kirdsch,dkirdschfj@feedburner.com,Male,2016-04-18,Saudi Arabia
561,Christoforo,Vasilchikov,,Male,1922-10-23,Jordan
562,Rachael,Ionesco,rionescofl@1688.com,Female,1984-04-30,China
563,Maurizia,Tuberfield,mtuberfieldfm@slashdot.org,Female,1973-03-05,Indonesia
564,Hewie,Garmon,hgarmonfn@360.cn,Male,1984-12-07,China
565,Garrott,Schiementz,gschiementzfo@webs.com,Male,2014-11-05,Lithuania
566,Aloysius,Wardley,,Male,1944-02-26,United States
567,Odell,Menel,omenelfq@example.com,Male,1952-02-27,Serbia
568,Diena,Rogger,droggerfr@nature.com,Female,1998-01-24,Poland
569,Stephine,Mellor,smellorfs@hubpages.com,Agender,2005-07-18,Central African Republic
570,Redford,Halksworth,rhalksworthft@wikipedia.org,Male,2016-11-26,Colombia
571,Irma,Syseland,,Female,1940-09-06,France
572,Catarina,Wevell,cwevellfv@cafepress.com,Female,2000-08-26,Argentina
573,Dennet,Jendrach,,Male,1927-08-21,China
574,Gil,Donan,gdonanfx@vkontakte.ru,Male,1968-06-30,China
575,Gene,Mattusov,,Female,1960-08-30,South Africa
576,Shelby,Normanvell,snormanvellfz@istockphoto.com,Female,1972-02-23,China
577,Katti,Pothergill,kpothergillg0@huffingtonpost.com,Female,1916-08-16,Poland
578,Emilio,McGibbon,emcgibbong1@t-online.de,Male,1955-05-27,South Africa
579,Tibold,Gooda,tgoodag2@netvibes.com,Bigender,1917-11-17,Brazil
580,Keelia,Rachuig,krachuigg3@github.com,Female,2019-03-20,Venezuela
581,Marigold,Iacovazzi,miacovazzig4@cornell.edu,Female,1944-02-10,Indonesia
582,Bibbie,Caesmans,bcaesmansg5@redcross.org,Female,1966-08-14,Ireland
583,Winifield,Jikovsky,,Male,1975-06-03,Russia
584,Sylvan,Rouge,,Male,1919-08-25,China
585,Aileen,Frizzell,afrizzellg8@goo.ne.jp,Female,1949-03-31,Spain
586,Ralina,Woofinden,rwoofindeng9@merriam-webster.com,Female,2008-03-12,Mongolia
587,Zeb,Meaton,zmeatonga@soundcloud.com,Male,1949-09-19,Sweden
588,Rose,Arnopp,rarnoppgb@smugmug.com,Female,1932-09-16,French Polynesia
589,Melonie,Ettels,mettelsgc@yellowpages.com,Female,1921-05-09,China
590,Claiborne,Josephy,cjosephygd@gnu.org,Male,1928-02-18,Philippines
591,Jen,Britto,jbrittoge@oakley.com,Female,1992-11-15,Peru
592,Burg,Cardenas,,Male,1985-10-08,Venezuela
593,Gregoor,Ert,gertgg@china.com.cn,Male,1939-01-04,China
594,Leontyne,Gwalter,,Female,2004-08-25,China
595,Norrie,Fenelon,nfenelongi@businessweek.com,Male,1930-05-26,France
596,Eartha,Tonnesen,etonnesengj@redcross.org,Non-binary,2013-01-27,China
597,Beret,Kincla,bkinclagk@buzzfeed.com,Female,1976-05-08,China
598,Lawton,Lindegard,llindegardgl@artisteer.com,Male,1962-06-28,Ukraine
599,Jobey,Asgodby,jasgodbygm@gov.uk,Female,1966-04-07,Bulgaria
600,Chryste,Toone,ctoonegn@flavors.me,Female,1961-09-24,Uzbekistan
601,Hew,Colnett,,Male,1936-04-06,China
602,Loella,Shulem,,Female,1946-09-27,France
603,Christabella,Grieves,cgrievesgq@gov.uk,Female,1959-12-30,Portugal
604,Worth,Hemphall,whemphallgr@bloglines.com,Male,1953-05-14,Latvia
605,Derek,Manford,dmanfordgs@home.pl,Genderfluid,2000-12-22,Russia
606,Tobe,Sabben,,Polygender,1964-11-25,Australia
607,Dickie,Sorby,dsorbygu@gov.uk,Male,1964-06-28,Russia
608,Heywood,Juza,,Male,1961-10-26,Russia
609,Northrop,Dighton,ndightongw@ovh.net,Male,1967-04-27,Japan
610,Adamo,Eck,aeckgx@globo.com,Male,2021-08-12,Portugal
611,Kathi,Ashwin,kashwingy@umn.edu,Female,2004-11-30,Nigeria
612,Shep,Sabin,ssabingz@vistaprint.com,Male,1976-02-07,Japan
613,Willy,Overall,woverallh0@ft.com,Genderqueer,1965-02-05,Finland
614,Porter,Stearndale,,Male,1931-05-17,Guyana
615,Talbot,Laxston,,Male,1924-04-16,Ghana
616,Enriqueta,Bibbie,,Female,1944-03-26,Indonesia
617,Caril,Cossar,ccossarh4@paginegialle.it,Female,1989-11-16,Indonesia
618,Othilie,Deverson,odeversonh5@ucsd.edu,Female,1978-05-02,Philippines
619,Rudolph,Ledster,rledsterh6@lycos.com,Male,2000-09-15,France
620,Vinnie,Gierhard,vgierhardh7@discovery.com,Male,1993-09-12,China
621,Roland,Lapping,rlappingh8@netscape.com,Male,1993-10-25,Portugal
622,Dorolisa,Pettecrew,,Female,2000-09-30,China
623,Priscilla,Wrintmore,pwrintmoreha@php.net,Female,1927-09-23,Morocco
624,Warden,Jereatt,,Male,1949-01-07,Poland
625,Margarethe,Cron,mcronhc@dmoz.org,Female,1989-11-13,China
626,Tabby,Mulbry,tmulbryhd@bluehost.com,Female,2007-12-09,Cameroon
627,Jarid,Dougliss,jdouglisshe@who.int,Male,2014-12-10,China
628,Rodolph,Lindl,rlindlhf@w3.org,Male,1937-11-07,Myanmar
629,Monte,Praill,mpraillhg@privacy.gov.au,Male,2000-09-20,Portugal
630,Rodge,Whyke,rwhykehh@webeden.co.uk,Male,1942-07-09,United States
631,Herbie,Side,,Male,1991-12-06,Gambia
632,Waite,Ferreras,wferrerashj@hud.gov,Male,1981-09-23,Russia
633,Cirstoforo,Fasse,cfassehk@wikispaces.com,Male,1996-01-03,China
634,Di,Fairfull,dfairfullhl@usnews.com,Polygender,1984-12-13,Dominican Republic
635,Faye,Barnby,fbarnbyhm@bloglines.com,Female,1945-11-12,Colombia
636,Adelbert,Ruddock,,Male,1982-06-06,Brazil
637,Alberto,Tungate,atungateho@dailymail.co.uk,Male,1996-05-02,China
638,Bunnie,Saxton,,Female,1925-04-26,China
639,Channa,Gajewski,cgajewskihq@mediafire.com,Female,1950-03-01,Russia
640,Randene,Hauxley,,Female,1976-03-26,France
641,Federico,Bonifazio,fbonifaziohs@yale.edu,Male,1949-05-02,Indonesia
642,Sammie,Roland,,Male,1929-11-07,United States
643,Arlan,Cowan,acowanhu@1und1.de,Male,1987-03-23,Brazil
644,Raul,Goodsir,,Male,1919-02-19,Afghanistan
645,Pail,Fewkes,pfewkeshw@phpbb.com,Male,2004-12-11,Costa Rica
646,John,Whimper,jwhimperhx@pcworld.com,Male,1947-04-09,Croatia
647,Efren,Stuther,estutherhy@vimeo.com,Male,2000-08-01,Russia
648,Esther,Higbin,ehigbinhz@ebay.com,Female,1949-01-17,South Africa
649,Beltran,Knowling,bknowlingi0@ted.com,Male,1947-05-06,Japan
650,Sybil,Shurmore,sshurmorei1@blogspot.com,Female,1980-01-19,Portugal
651,Giselle,Foard,gfoardi2@stanford.edu,Female,1957-12-11,Democratic Republic of the Congo
652,Peggie,Woodfin,pwoodfini3@flickr.com,Bigender,1940-09-08,China
653,Colene,Zimmer,czimmeri4@trellian.com,Female,1980-01-08,China
654,Randi,Gowry,rgowryi5@zdnet.com,Female,1968-06-14,Armenia
655,Andra,Anan,aanani6@mtv.com,Female,1985-09-11,Indonesia
656,Doll,Marielle,dmariellei7@addtoany.com,Female,1983-02-17,Denmark
657,Gennie,Dmtrovic,gdmtrovici8@123-reg.co.uk,Female,1970-07-13,Nigeria
658,Laurella,Pottinger,lpottingeri9@wikipedia.org,Genderqueer,1994-03-08,Indonesia
659,Birgit,Barukh,bbarukhia@360.cn,Female,1959-08-10,China
660,Adelind,Yeldon,ayeldonib@baidu.com,Female,1934-01-24,Philippines
661,Amerigo,Bisley,abisleyic@virginia.edu,Male,1978-04-12,Bangladesh
662,Ikey,Poter,ipoterid@eventbrite.com,Male,1972-04-06,United States
663,Chrystal,Fludgate,,Genderqueer,1991-11-30,Sweden
664,Margaretta,Fold,mfoldif@slideshare.net,Agender,1921-09-27,Portugal
665,Philis,Rawsthorne,prawsthorneig@google.cn,Female,1983-02-14,Brazil
666,Kiel,Adicot,kadicotih@youku.com,Male,1984-09-21,Argentina
667,Brewer,Maffetti,bmaffettiii@wisc.edu,Male,1923-03-30,Czech Republic
668,Malena,Kraut,mkrautij@tumblr.com,Female,1970-11-29,Thailand
669,Ricardo,Scholes,,Bigender,1912-01-06,Indonesia
670,Jessa,Jee,jjeeil@cdc.gov,Female,1954-06-09,Indonesia
671,Brandie,Cupitt,bcupittim@cbslocal.com,Female,1956-11-07,South Korea
672,Prudy,Currie,pcurriein@yelp.com,Female,2009-08-16,Belarus
673,Bartolemo,Solley,,Genderfluid,1946-11-16,United States
674,Robin,Ellyatt,,Female,1935-11-14,Brazil
675,Katrine,Loudyan,kloudyaniq@thetimes.co.uk,Female,1974-04-11,Indonesia
676,Ali,Caraher,acaraherir@phoca.cz,Genderfluid,1961-04-30,Thailand
677,Madelle,Eloy,meloyis@scribd.com,Female,2019-03-07,Philippines
678,Muffin,Galero,mgaleroit@reddit.com,Female,1945-12-05,Indonesia
679,Tobi,O'Mara,tomaraiu@latimes.com,Female,1913-04-02,China
680,Clerkclaude,Lots,clotsiv@de.vu,Male,1997-10-16,China
681,Dore,Olenikov,,Male,1966-04-07,China
682,Romeo,Mennithorp,rmennithorpix@rakuten.co.jp,Male,1911-03-12,France
683,Brew,Bootyman,,Male,1999-02-07,Brazil
684,Jaynell,Folonin,jfoloniniz@freewebs.com,Female,1947-03-28,Russia
685,Magdalen,Befroy,,Female,1942-07-30,France
686,Leanora,Moro,lmoroj1@techcrunch.com,Female,2008-08-31,Ireland
687,Gallagher,Peirazzi,gpeirazzij2@canalblog.com,Male,2012-06-26,Portugal
688,Boycey,Malin,,Male,1974-07-01,Russia
689,Bartel,Noli,bnolij4@ihg.com,Male,1915-12-30,Russia
690,Filmer,Prandi,fprandij5@kickstarter.com,Male,1981-11-17,France
691,Augusto,Egan,,Male,1941-04-28,Mongolia
692,Donnell,Lovitt,,Male,1994-12-14,France
693,Johnny,Abbatini,,Male,1942-01-12,Philippines
694,Amby,Regenhardt,,Male,1943-08-23,China
695,Henka,Thorlby,hthorlbyja@admin.ch,Non-binary,1988-08-10,Brazil
696,Brit,Batey,bbateyjb@etsy.com,Polygender,1963-07-22,Portugal
697,Sophie,Barukh,,Female,1975-10-17,Nepal
698,Vernon,Dyott,,Male,1963-03-11,Azerbaijan
699,Derby,Fibbitts,dfibbittsje@nymag.com,Male,1952-10-30,China
700,Angus,Deakin,,Male,1919-05-30,Canada
701,Miof mela,Garnam,mgarnamjg@wikispaces.com,Female,1965-01-01,Vietnam
702,Afton,Quinnelly,aquinnellyjh@feedburner.com,Female,1927-01-02,Portugal
703,Travis,Brodway,tbrodwayji@bizjournals.com,Male,2022-05-24,Macedonia
704,Sheffie,Gurge,sgurgejj@slashdot.org,Male,2016-08-15,Nigeria
705,Giusto,Baumber,gbaumberjk@drupal.org,Genderqueer,1978-05-10,New Zealand
706,Durant,Moraleda,dmoraledajl@liveinternet.ru,Male,2005-07-23,Russia
707,Casper,Lascelles,clascellesjm@cdc.gov,Male,1968-09-07,Peru
708,Blanche,Hoff,,Female,1959-11-15,Argentina
709,Michele,McLeoid,mmcleoidjo@fc2.com,Non-binary,1912-04-19,Philippines
710,Alix,Pickrill,apickrilljp@noaa.gov,Female,1919-06-05,China
711,Linn,Barrand,lbarrandjq@prnewswire.com,Female,2000-12-17,Georgia
712,Maud,Arderne,,Female,2021-04-06,Brazil
713,Kenyon,Menear,kmenearjs@amazonaws.com,Male,1918-12-13,Dominican Republic
714,Rafaelia,Sekulla,,Female,1978-12-08,France
715,Carolin,Pullar,cpullarju@purevolume.com,Female,1999-12-03,Croatia
716,Alisander,Collocott,acollocottjv@weebly.com,Male,1955-12-27,Czech Republic
717,Jarrod,Masterson,jmastersonjw@dion.ne.jp,Male,1966-09-05,Sweden
718,Emmalee,Chichgar,echichgarjx@google.it,Female,1993-08-16,China
719,Ezechiel,Burgne,eburgnejy@ox.ac.uk,Male,1970-01-20,China
720,Nonie,Hinzer,nhinzerjz@last.fm,Female,1914-08-25,United States
721,Osborn,Lonsdale,olonsdalek0@vinaora.com,Male,1948-11-10,China
722,Claudetta,Patchett,,Female,1974-11-25,Peru
723,Wyn,Dunning,wdunningk2@tripadvisor.com,Male,1938-08-15,Colombia
724,Karoly,Laxston,,Female,1915-05-10,Indonesia
725,Keefe,Meas,,Male,2017-10-19,Myanmar
726,Britta,Cicconetti,bcicconettik5@slideshare.net,Female,1988-09-16,China
727,Herc,Mowbray,hmowbrayk6@miitbeian.gov.cn,Agender,1939-10-13,Zimbabwe
728,Kamillah,Shrubshall,kshrubshallk7@walmart.com,Female,1910-12-02,Bosnia and Herzegovina
729,Freddie,Zorzutti,,Female,1996-01-08,Indonesia
730,Reuven,Sybry,rsybryk9@is.gd,Male,1979-03-06,Serbia
731,Athene,Akram,aakramka@themeforest.net,Female,1995-06-23,China
732,Erma,Tabram,,Female,1982-12-03,Poland
733,Giraldo,Peye,,Male,2016-11-26,Argentina
734,Carlee,Belward,cbelwardkd@webmd.com,Female,1937-08-15,Russia
735,Doralynn,Keighley,,Female,2001-02-06,Indonesia
736,Stephi,Aldwick,saldwickkf@cbsnews.com,Female,2009-05-22,Republic of the Congo
737,Russell,Kubera,rkuberakg@blog.com,Male,2005-08-06,Indonesia
738,Abbie,Akrigg,,Male,1952-03-26,Russia
739,Giusto,Lydster,,Male,1910-11-20,China
740,Petey,Morecomb,,Male,1957-08-12,Myanmar
741,Dillon,Hovee,,Male,1934-09-03,Venezuela
742,Meredith,Reinmar,,Male,1928-01-04,Indonesia
743,Fabio,Curnok,fcurnokkm@blogger.com,Male,1918-08-28,Indonesia
744,Cris,Cammish,ccammishkn@cdbaby.com,Female,2006-12-06,China
745,Jennifer,Scothorn,jscothornko@usatoday.com,Polygender,2006-04-05,Philippines
746,Reidar,Shand,,Male,1938-01-27,Colombia
747,Richardo,Aggis,,Polygender,1967-06-12,Argentina
748,Blake,McGonnell,,Male,1932-09-08,China
749,Chloette,McGlue,,Female,2016-06-19,Indonesia
750,Berny,Girdler,bgirdlerkt@hexun.com,Male,1923-10-15,Vietnam
751,Nettie,Ding,ndingku@google.it,Bigender,1981-02-03,France
752,Wilek,Duffyn,wduffynkv@cnn.com,Male,1962-11-22,Latvia
753,Todd,Dymott,tdymottkw@wordpress.org,Male,1987-07-22,China
754,Hilary,Patching,,Male,1990-09-26,Poland
755,Kimberly,Leverette,kleveretteky@issuu.com,Female,1999-08-26,Serbia
756,Siusan,Glinde,sglindekz@yale.edu,Female,2020-04-04,Thailand
757,Fitz,Borthwick,fborthwickl0@comcast.net,Male,2004-05-15,Philippines
758,Timi,Manklow,,Female,1911-05-17,China
759,Berkeley,Haresign,bharesignl2@narod.ru,Male,1960-08-13,Indonesia
760,Ermanno,Fotitt,,Male,1997-09-29,Russia
761,Melinde,Lamberti,,Polygender,1993-05-30,Argentina
762,Germana,Matlock,gmatlockl5@cafepress.com,Female,1942-04-05,Albania
763,Ed,Grumley,egrumleyl6@boston.com,Male,1921-05-20,Tanzania
764,Garrek,Ginley,,Male,1974-03-11,France
765,Stephie,Jeffrey,sjeffreyl8@wired.com,Female,1972-01-30,China
766,Jacquetta,Colby,,Female,2000-11-27,China
767,Thomasina,Dansey,tdanseyla@netscape.com,Female,1933-02-14,Brazil
768,Aldon,Bryden,abrydenlb@friendfeed.com,Genderqueer,1927-02-27,China
769,Julietta,Dunsmore,jdunsmorelc@facebook.com,Female,2004-05-01,Brazil
770,Gustaf,Dunkerley,,Bigender,2019-06-24,Colombia
771,Rori,Parratt,rparrattle@theatlantic.com,Female,2000-06-30,Canada
772,Paul,Faccini,pfaccinilf@wp.com,Male,1925-09-24,Portugal
773,Zachary,Crab,zcrablg@google.es,Male,1994-07-18,Senegal
774,Port,Bullant,pbullantlh@stanford.edu,Male,1913-01-02,China
775,Rasla,Mila,rmilali@spiegel.de,Female,1919-08-02,France
776,Norbie,Egiloff,negilofflj@pen.io,Male,1962-01-08,China
777,Barty,Coldtart,,Male,1961-06-18,Philippines
778,Annetta,Couttes,,Female,2001-04-15,Japan
779,Ludvig,Tackley,ltackleylm@craigslist.org,Male,1993-01-29,Indonesia
780,Yvon,Dungay,ydungayln@prnewswire.com,Genderqueer,1915-01-17,Tanzania
781,Joice,Cettell,jcettelllo@exblog.jp,Non-binary,1918-05-18,Malawi
782,Rudy,Flancinbaum,rflancinbaumlp@seattletimes.com,Male,1917-06-27,Brazil
783,Fedora,Kamien,fkamienlq@ebay.co.uk,Polygender,1960-04-25,Philippines
784,Homere,Spadollini,hspadollinilr@slate.com,Male,2021-08-03,Sweden
785,Stella,Lebel,slebells@opensource.org,Female,1975-07-18,Poland
786,Bernhard,Damiata,bdamiatalt@yellowpages.com,Male,1977-06-11,Brazil
787,Josefa,Peyto,,Female,1973-03-06,Japan
788,Courtnay,Olohan,,Female,1944-10-22,Indonesia
789,Kenon,Pernell,kpernelllw@examiner.com,Male,1961-02-03,Vietnam
790,Norman,Lamboll,nlambolllx@bbb.org,Male,2011-03-15,Brazil
791,Betsey,Rubinivitz,,Female,2005-08-20,Philippines
792,Diane,Maton,,Female,1982-08-21,Ukraine
793,Victor,Blaby,,Male,1916-09-28,Colombia
794,Clareta,Balle,cballem1@myspace.com,Female,1947-01-21,Philippines
795,Allard,Kolodziejski,akolodziejskim2@marriott.com,Male,1948-02-23,China
796,Alasdair,Spoure,aspourem3@rakuten.co.jp,Male,1915-06-10,Israel
797,Gaelan,Mulran,gmulranm4@about.com,Male,1949-09-24,China
798,Correy,Quantrell,cquantrellm5@naver.com,Male,1942-11-06,Luxembourg
799,Estelle,Biddlestone,ebiddlestonem6@miitbeian.gov.cn,Female,1992-09-24,Indonesia
800,Bibbie,Warner,bwarnerm7@cam.ac.uk,Female,1936-02-26,China
801,Web,Luxford,,Male,1952-03-22,Indonesia
802,Forrester,Vakhonin,,Male,2017-04-19,China
803,Daryn,Pendred,dpendredma@cnn.com,Female,2006-07-28,Nigeria
804,Sheryl,Bateman,sbatemanmb@smh.com.au,Genderfluid,1977-11-16,Portugal
805,Boy,Kibbye,,Male,1968-09-08,United States
806,Spence,Tother,stothermd@chron.com,Male,1941-10-24,China
807,Kathye,Cowdry,kcowdryme@nba.com,Female,1998-12-22,China
808,Alex,Sickamore,,Female,1960-11-18,South Korea
809,Mozelle,Piccard,mpiccardmg@ustream.tv,Female,2001-11-19,Canada
810,Kellen,Lowing,klowingmh@sitemeter.com,Female,1976-02-12,Haiti
811,Torrin,Lebarree,tlebarreemi@wikimedia.org,Male,1922-10-15,China
812,Danny,Fouldes,dfouldesmj@addthis.com,Male,1965-05-09,Russia
813,Penny,Shulem,pshulemmk@timesonline.co.uk,Male,1955-06-11,China
814,Orran,Willgrass,owillgrassml@bloglovin.com,Male,2015-07-16,Portugal
815,Moyra,Petrulis,mpetrulismm@com.com,Female,1976-05-12,Benin
816,Leelah,Pinkett,,Female,1968-08-06,Mexico
817,Dian,Sumption,dsumptionmo@yahoo.co.jp,Bigender,1978-11-25,Paraguay
818,Drucill,Hardy-Piggin,,Female,2003-09-23,Peru
819,Hanan,Doeg,,Male,1916-07-21,Canada
820,Othilie,Pallas,,Female,1915-01-01,France
821,Mellicent,Coat,mcoatms@github.io,Female,1969-02-08,Indonesia
822,Dallis,Dumphy,ddumphymt@hostgator.com,Male,1911-11-05,Russia
823,Rosalind,Hembry,,Female,2018-11-03,United States
824,Donalt,Upstone,dupstonemv@walmart.com,Male,1935-11-23,Russia
825,Link,Duxbarry,,Male,1926-07-09,Nauru
826,Edna,Rutley,erutleymx@pinterest.com,Female,2012-05-29,China
827,Frans,Tyrwhitt,ftyrwhittmy@un.org,Male,1988-08-23,China
828,Caron,Filliskirk,cfilliskirkmz@webmd.com,Female,2007-02-01,Philippines
829,Loretta,Conningham,lconninghamn0@microsoft.com,Genderfluid,1999-07-12,Philippines
830,Osmund,Vickors,ovickorsn1@guardian.co.uk,Male,2016-06-21,China
831,Pietra,Waterhowse,pwaterhowsen2@ow.ly,Female,2009-05-21,Indonesia
832,Morrie,Bushell,,Male,2022-03-05,Greece
833,Madelle,Fieldstone,mfieldstonen4@mac.com,Female,1961-11-02,Brazil
834,Toddie,Buye,tbuyen5@icq.com,Male,1968-03-24,Mexico
835,Bail,Danbi,bdanbin6@nih.gov,Male,1965-06-10,China
836,Allin,Ciciari,,Male,2016-02-16,Japan
837,Pru,Tabard,ptabardn8@nih.gov,Female,1929-05-13,Russia
838,Tania,Witling,twitlingn9@irs.gov,Female,1975-01-05,Czech Republic
839,Aldridge,Lyddon,alyddonna@amazon.co.jp,Male,1948-06-19,Japan
840,Julita,Panchin,jpanchinnb@alibaba.com,Female,1950-05-15,Portugal
841,Barbette,Pudsey,bpudseync@yahoo.com,Genderfluid,2002-08-03,Kenya
842,Elane,Lytell,elytellnd@instagram.com,Female,1946-10-24,Madagascar
843,Darryl,Warret,dwarretne@digg.com,Male,1919-03-27,Belize
844,Emmi,Serfati,,Female,2010-01-21,France
845,Mitzi,O'Hickey,mohickeyng@weebly.com,Female,1980-12-19,Afghanistan
846,Fidelia,Gurko,,Female,1948-12-10,Chile
847,Glenna,Harbour,,Female,1969-07-15,China
848,Rene,Chastand,rchastandnj@seesaa.net,Female,2020-08-18,Indonesia
849,Roarke,Jeger,rjegernk@army.mil,Male,1963-04-13,China
850,Rozanna,Dene,rdenenl@dyndns.org,Female,1991-01-29,Brazil
851,Leigh,Pudden,lpuddennm@wunderground.com,Female,1913-05-10,Czech Republic
852,Willette,Singh,wsinghnn@moonfruit.com,Female,1932-07-29,China
853,Sharona,Geri,sgerino@nature.com,Female,1927-11-01,Indonesia
854,Idalia,Tschursch,itschurschnp@dailymotion.com,Female,1933-12-11,Colombia
855,Eda,Reach,ereachnq@prnewswire.com,Female,1928-07-09,United States
856,Leonardo,McCaster,,Male,1963-11-04,Indonesia
857,Jolyn,Drake,,Female,1980-04-28,United States
858,Deni,Tunmore,dtunmorent@about.me,Female,1976-04-29,Russia
859,Daune,Tucknott,dtucknottnu@sakura.ne.jp,Female,1999-07-29,France
860,Elysee,Swallow,eswallownv@harvard.edu,Bigender,1982-12-28,China
861,Leah,Duncan,lduncannw@topsy.com,Female,1988-06-12,Indonesia
862,Krissie,Dillicate,,Female,1988-09-09,China
863,Chiquita,Helstrom,chelstromny@meetup.com,Female,1986-06-18,Laos
864,Noni,Silversmid,nsilversmidnz@nhs.uk,Bigender,1981-06-15,China
865,Melisent,Dade,mdadeo0@xing.com,Female,1941-08-08,Greece
866,Lexine,Petracco,,Female,1956-11-08,Ukraine
867,Constantia,Millwater,cmillwatero2@boston.com,Female,1996-08-11,Canada
868,Jan,Caffin,,Male,1931-09-29,United States
869,Melania,Ramelet,mrameleto4@businessinsider.com,Female,1926-01-27,Japan
870,Vince,Scotchmur,vscotchmuro5@wiley.com,Male,1914-02-25,China
871,Armstrong,Dottrell,adottrello6@github.io,Male,1961-07-08,Colombia
872,Fowler,Nutkins,fnutkinso7@mediafire.com,Male,1950-05-31,Indonesia
873,Dill,Fretwell,dfretwello8@twitter.com,Male,1911-08-08,Comoros
874,Philippine,Lowing,plowingo9@rakuten.co.jp,Female,1965-02-18,Sweden
875,Eveline,Fowkes,,Female,1939-09-30,Ghana
876,Shelli,Dury,sduryob@digg.com,Genderfluid,1961-08-13,Philippines
877,Aldwin,Jump,,Male,1986-03-09,Poland
878,Angela,Hartell,,Female,1991-12-26,China
879,Raye,Dearlove,,Female,1977-05-17,Russia
880,Rochester,Vel,rvelof@mapquest.com,Male,1982-10-19,Kiribati
881,Cesya,Houten,choutenog@businesswire.com,Female,1955-07-31,Indonesia
882,Margeaux,Lambrick,mlambrickoh@buzzfeed.com,Female,1951-01-02,China
883,Catherina,Woolston,,Female,1939-09-27,Portugal
884,Andra,Cumberpatch,,Female,1974-01-01,China
885,Chip,Schooling,cschoolingok@wsj.com,Male,1986-03-05,China
886,Jayme,Loosely,,Female,2004-02-17,Portugal
887,Vitoria,Weed,vweedom@cargocollective.com,Female,2020-08-11,Brazil
888,Babbette,Drewes,,Female,1981-05-03,China
889,Desmund,Lethibridge,,Male,2009-09-13,Luxembourg
890,Vasily,Jezard,vjezardop@ow.ly,Male,1949-06-11,Colombia
891,Yehudit,Avrahm,yavrahmoq@sourceforge.net,Male,1918-04-15,Philippines
892,Sidoney,Pollitt,spollittor@seattletimes.com,Female,1931-11-11,Albania
893,Sheri,Grichukhanov,sgrichukhanovos@hibu.com,Female,1953-02-05,Portugal
894,Eal,Cregeen,ecregeenot@addthis.com,Genderqueer,1933-03-15,Syria
895,Ned,Gallehawk,ngallehawkou@ovh.net,Male,1952-06-02,Indonesia
896,Dante,Downton,ddowntonov@foxnews.com,Male,1947-04-14,Paraguay
897,Lorne,Hourican,lhouricanow@mail.ru,Male,1985-07-04,Russia
898,Kristyn,Janca,kjancaox@comsenz.com,Female,1982-09-30,Canada
899,Rainer,Tavernor,rtavernoroy@homestead.com,Male,1940-01-04,China
900,Sonja,Alans,salansoz@businessweek.com,Polygender,1910-11-17,Russia
901,Walther,Huggins,whugginsp0@patch.com,Male,1950-12-22,China
902,Fawn,Secrett,,Female,1971-07-26,Brazil
903,Bearnard,Caesmans,bcaesmansp2@unc.edu,Male,1912-02-23,China
904,Shepherd,Sarah,ssarahp3@reuters.com,Male,1959-03-07,China
905,Bucky,Jenckes,,Male,1920-10-23,France
906,Frans,O'Kane,fokanep5@meetup.com,Male,1965-08-27,Hungary
907,Cleon,Titmus,,Male,1979-09-16,Russia
908,Blaine,Downer,bdownerp7@accuweather.com,Male,1929-01-01,China
909,Cordy,Anthes,canthesp8@constantcontact.com,Female,1984-02-17,Lithuania
910,Devonna,Kesey,,Female,1989-07-08,Russia
911,Iosep,Creus,icreuspa@noaa.gov,Male,1995-08-08,Philippines
912,Siegfried,Varvara,svarvarapb@cbslocal.com,Male,2008-09-03,United States
913,Sallee,Borrett,sborrettpc@mit.edu,Bigender,1947-01-25,Albania
914,Hartwell,Scothorn,hscothornpd@drupal.org,Genderqueer,1915-05-11,Ethiopia
915,Jaine,Trousdale,jtrousdalepe@jimdo.com,Female,1987-07-11,Colombia
916,Karol,Bilsborrow,kbilsborrowpf@joomla.org,Female,1941-01-18,Czech Republic
917,Aurthur,Guinnane,aguinnanepg@elegantthemes.com,Male,1936-11-21,Slovenia
918,Marsha,Izakoff,,Female,1981-09-27,United States
919,Konstantine,Norker,knorkerpi@sciencedirect.com,Male,1985-04-30,China
920,Rivalee,Goldston,rgoldstonpj@de.vu,Female,1959-07-12,France
921,Netty,Badam,,Female,1925-02-28,China
922,Fee,Bridgewood,,Male,1980-08-24,China
923,Evelyn,Farnes,efarnespm@opera.com,Female,2015-04-05,Portugal
924,Beverlie,Grigoliis,,Female,1966-10-31,Brazil
925,Carmita,Zelley,czelleypo@howstuffworks.com,Female,2006-10-01,Russia
926,Sergent,Mabe,,Male,1936-12-13,Japan
927,Wilek,Howgego,whowgegopq@smugmug.com,Male,1923-11-22,Philippines
928,Morris,Hitscher,,Male,1976-05-31,Indonesia
929,Carlee,Frazer,,Female,2011-09-27,Brazil
930,Carlene,Letcher,cletcherpt@noaa.gov,Female,1999-08-28,France
931,Glenna,Cicerone,gciceronepu@bloomberg.com,Genderqueer,1999-03-07,Cameroon
932,Waldemar,Laycock,wlaycockpv@ezinearticles.com,Male,1913-06-11,China
933,Ikey,Borzone,,Male,1998-09-29,Bulgaria
934,Elenore,Enever,eeneverpx@paginegialle.it,Female,1953-11-26,Bhutan
935,Arleyne,De Paepe,adepaepepy@biglobe.ne.jp,Female,1962-11-07,Russia
936,Cordell,Courtes,ccourtespz@a8.net,Male,2016-03-06,China
937,Ernest,Merck,emerckq0@ebay.com,Male,1988-08-03,Japan
938,Ryun,Ossenna,rossennaq1@netscape.com,Male,1931-01-08,China
939,Annaliese,Chubb,,Female,2011-12-04,Brazil
940,Kevan,Binden,kbindenq3@moonfruit.com,Male,1956-10-30,Guatemala
941,Alejandro,Berzen,,Male,1969-04-06,Tanzania
942,Rockey,Theseira,rtheseiraq5@hibu.com,Male,1940-02-25,Portugal
943,Isidore,Simioli,isimioliq6@networksolutions.com,Male,2006-06-04,Poland
944,Kristien,Hellwig,khellwigq7@hhs.gov,Female,1942-06-19,Mexico
945,Jasen,Eloi,,Male,1987-05-09,China
946,Kerri,Shillaker,kshillakerq9@naver.com,Bigender,1955-08-06,Peru
947,Briano,Hefford,bheffordqa@studiopress.com,Male,1973-02-12,Philippines
948,Mikael,Peotz,mpeotzqb@hibu.com,Agender,1916-06-29,Czech Republic
949,Beitris,Dear,bdearqc@wp.com,Female,2014-03-06,Lesotho
950,Carie,Charrier,ccharrierqd@google.fr,Female,1929-02-22,Indonesia
951,Atlante,Hain,ahainqe@discuz.net,Female,2011-07-31,Indonesia
952,Debor,Devanny,ddevannyqf@unc.edu,Female,1995-09-11,North Korea
953,Allyn,Weine,,Female,1941-05-18,Peru
954,Kevan,Loche,klocheqh@technorati.com,Male,1964-07-29,Russia
955,Norean,Winchcombe,,Female,1919-01-15,Indonesia
956,Melva,Prise,mpriseqj@wunderground.com,Genderqueer,2013-08-07,Myanmar
957,Joni,Jansey,jjanseyqk@intel.com,Female,1942-12-02,Japan
958,Gerry,Croose,gcrooseql@theglobeandmail.com,Male,1970-02-10,Burkina Faso
959,Lowrance,Coyish,lcoyishqm@sitemeter.com,Male,1922-04-30,Uzbekistan
960,Sherm,Zorzini,szorziniqn@booking.com,Male,1918-04-19,Portugal
961,Rupert,Corcoran,,Male,1926-02-01,Russia
962,Cecilia,Parrish,cparrishqp@liveinternet.ru,Female,1943-01-19,Poland
963,Cacilie,Brunone,cbrunoneqq@walmart.com,Female,1934-12-16,Indonesia
964,Hermina,Matyja,hmatyjaqr@tinypic.com,Female,1981-10-16,Vietnam
965,Catha,Shellsheere,cshellsheereqs@latimes.com,Female,1975-03-31,South Africa
966,Edyth,Joynes,,Female,1972-06-23,Indonesia
967,Tandie,Dawber,,Female,1987-05-28,Gabon
968,Dulcia,Ribeiro,,Female,1992-02-14,Bangladesh
969,Nicole,Stammirs,nstammirsqw@dedecms.com,Female,1932-10-20,China
970,Vassily,Fant,vfantqx@miibeian.gov.cn,Genderfluid,1960-04-30,Colombia
971,Yance,Guirardin,yguirardinqy@admin.ch,Male,1961-01-01,Poland
972,Aurelia,Saurat,,Female,1951-10-06,Mexico
973,Cynthia,Anfusso,canfussor0@mozilla.com,Female,1933-02-23,Indonesia
974,Mirella,Harrigan,mharriganr1@storify.com,Female,1958-11-20,Russia
975,Francine,Tuckwell,ftuckwellr2@simplemachines.org,Female,1924-01-28,Serbia
976,Donna,Laetham,,Female,1928-11-12,Philippines
977,Woody,Rishbrook,wrishbrookr4@t-online.de,Male,1997-02-23,Indonesia
978,Sumner,Brunn,sbrunnr5@feedburner.com,Male,1990-09-18,Ukraine
979,Svend,Lewcock,slewcockr6@soup.io,Male,1962-03-10,France
980,Bevon,Greatreax,bgreatreaxr7@yelp.com,Male,1977-05-23,Ukraine
981,Sergei,Wallbridge,swallbridger8@amazonaws.com,Male,1955-08-30,Colombia
982,Prissie,Tower,,Female,1915-01-23,Philippines
983,Verene,Downing,vdowningra@yahoo.com,Genderqueer,1969-03-10,Nigeria
984,Wesley,Cosser,wcosserrb@altervista.org,Male,1928-12-24,Dominican Republic
985,Gregory,Barkley,,Male,2003-12-15,Thailand
986,Beverlee,Godley,bgodleyrd@npr.org,Female,1916-03-05,Russia
987,Cull,Lebreton,clebretonre@patch.com,Male,1964-10-09,China
988,Kirstin,Costen,,Bigender,1942-04-20,Philippines
989,Halimeda,Antecki,hanteckirg@usgs.gov,Female,1961-06-24,United States
990,Gwendolyn,Bovingdon,,Female,1916-06-20,Canada
991,Helge,Bisp,hbispri@acquirethisname.com,Female,1999-07-02,Thailand
992,Orelie,Juzek,ojuzekrj@odnoklassniki.ru,Female,1973-08-22,Iceland
993,Monique,Ambrosi,mambrosirk@shinystat.com,Female,1985-10-27,Indonesia
994,Aurea,McComb,amccombrl@economist.com,Female,1913-04-01,Dominican Republic
995,Kristyn,Petley,kpetleyrm@kickstarter.com,Female,1911-05-12,China
996,Marlo,Leeson,,Male,2004-03-26,Cameroon
997,Englebert,Pelfer,epelferro@scientificamerican.com,Male,1913-05-29,Greece
998,Binky,Barnard,,Male,1955-04-19,Slovenia
999,Sarena,Regis,sregisrq@cdbaby.com,Female,1987-02-09,China
1000,Glad,Enticknap,genticknaprr@tinypic.com,Female,2012-08-08,China
